49855,MJX,18578,Othe1935@einrot.com,2001072
71601,MJX,29578,Whimes@superrito.com,2782419
29601,MJX,43318,Vanderch@superrito.com,2003278
20904,MJX,30753,Eandoins@rhyta.com,2127592
33411,MJX,11695,Compt1947@teleworm.us,2164048
59102,MJX,35526,Tran1953@einrot.com,2584015
06281,MJX,44071,Heavow@fleckens.hu,2595702
33901,MJX,26091,Landand@cuvox.de,2280058
93242,MJX,16966,Notnothe1976@jourrapide.com,2455446
79101,MJX,24442,Spleace@einrot.com,2040289
30071,MJX,15589,a@rhyta.com,2003813
82003,MJX,41715,Soults@jourrapide.com,2069344
45202,MJX,31125,Hortudy@dayrep.com,2484503
55402,MJX,35111,Lour1981@superrito.com,2423044
61257,MJX,34895,Belmorning@dayrep.com,2650332
54304,MJX,44697,Saver1974@jourrapide.com,706431
94606,MJX,8941,Conem1960@dayrep.com,678320
45402,MJX,4129,Ouseetteled@fleckens.hu,674484
36303,MJX,25252,Smuctingly@rhyta.com,430018
24472,MJX,22572,Liket1940@einrot.com,766185
33624,MJX,22267,Feled1962@gustr.com,487443
31401,MJX,29872,Fackons1980@fleckens.hu,692018
95376,MJX,38554,Shartair1965@jourrapide.com,645065
96816,MJX,31027,Thoub1990@dayrep.com,646002
62220,MJX,33316,Neave1981@fleckens.hu,741070
04562,MJX,33450,Actur1996@teleworm.us,422813
06320,MJX,6807,Shamortaiss@superrito.com,405309
21502,MJX,36317,Suggetsmence@armyspy.com,727324
66048,MJX,15284,Leye1935@einrot.com,574802
70806,MJX,26331,Vineary@fleckens.hu,629238
65633,MJX,10061,Dievendin@dayrep.com,449162
98119,MJX,6831,Thersid43@dayrep.com,630503
99603,MJX,9680,Hort1948@jourrapide.com,577084
37201,MJX,8562,Tices1941@jourrapide.com,618005
43085,MJX,29986,Puld1947@dayrep.com,401370
29063,MJX,4547,Alkees@fleckens.hu,630087
70301,MJX,31180,Muchend@rhyta.com,725618
77032,MJX,31274,Noullooduady@dayrep.com,720921
05404,MJX,13111,Coungthe@armyspy.com,439027
55303,MJX,41319,Unarver@einrot.com,792348
95050,MJX,35296,Gurgend@armyspy.com,611453
90017,MJX,11707,Saidesehis@dayrep.com,549804
92111,MJX,11210,Criesuck@cuvox.de,691380
33417,MJX,21681,Prawn1993@armyspy.com,675925
94585,MJX,33567,Yough1965@dayrep.com,412703
77077,MJX,22638,Camain@rhyta.com,499153
61078,MJX,3876,Thervey@einrot.com,679862
55404,MJX,28074,Turrearle79@superrito.com,417094
03103,MJX,20822,Kinesen@superrito.com,655319
43537,MJX,36969,Bods1944@teleworm.us,660977
21076,MJX,33090,Warge1979@superrito.com,711638
91504,MJX,16153,Citage@jourrapide.com,511889
60134,MJX,28241,Therhave@teleworm.us,540669
19108,MJX,41551,Tanwas@rhyta.com,718890
73601,MJX,26303,Johor1946@gustr.com,408459
53202,MJX,6895,Araboy@superrito.com,627825
42039,MJX,18028,Thenand1990@gustr.com,414052
91761,MJX,5126,Ravencers@teleworm.us,406399
47840,MJX,22070,Wiliat@superrito.com,790677
08102,MJX,26880,Bertinincy@dayrep.com,656414
78758,MJX,16858,Situall@superrito.com,521108
13057,MJX,9132,Afterand@fleckens.hu,746965
33025,MJX,32822,Histithad@einrot.com,770218
75604,MJX,26547,Maded1979@einrot.com,404561
46225,MJX,32905,Neastathard@cuvox.de,637633
68124,MJX,576,Equother@fleckens.hu,402728
46802,MJX,1263,Hatell@armyspy.com,664267
13901,MJX,17305,Dore1963@cuvox.de,567647
07102,MJX,21386,Madeve@cuvox.de,532169
73109,MJX,3006,Dandicared@cuvox.de,764192
23117,MJX,41016,Quirded@cuvox.de,697689
97496,MJX,44137,Somele@teleworm.us,488683
84058,MJX,15736,Arks1992@jourrapide.com,423198
21106,MJX,36362,Thatest38@dayrep.com,720388
10013,MJX,44154,Wortut1972@cuvox.de,641020
72560,MJX,10835,Fewillic@cuvox.de,499136
07477,MJX,7511,Lessilto@rhyta.com,790161
93301,MJX,42330,Haddide@gustr.com,523838
92121,MJX,14101,Magaized@dayrep.com,662087
99352,MJX,9138,Boureack@superrito.com,595300
27203,MJX,25420,Begine@rhyta.com,682779
75060,MJX,39798,Olincep@jourrapide.com,715937
72826,MJX,7470,Givernevends1998@fleckens.hu,438123
48034,MJX,43426,Wentiont@dayrep.com,714461
39211,MJX,22883,Affeentogy@gustr.com,547038
60062,MJX,36264,Fromin1984@einrot.com,456611
80239,MJX,13626,Phis1991@einrot.com,457238
35203,MJX,27609,Camease1965@jourrapide.com,590126
15143,MJX,13589,Replignigh@teleworm.us,623394
49735,MJX,7056,Priat1987@armyspy.com,791037
15212,MJX,31327,Crect1988@superrito.com,485411
37421,MJX,3038,Donced@cuvox.de,445636
14620,MJX,40307,Theyettept@dayrep.com,666796
30303,MJX,933,Supen1985@rhyta.com,408155
77803,MJX,22866,Strue1959@armyspy.com,795899
75240,MJX,23201,Mentere62@armyspy.com,447996
14202,MJX,12183,Wilory1952@jourrapide.com,551522
35209,MJX,12373,Inarence@rhyta.com,554557
76903,MJX,38886,Sheeptiou@dayrep.com,442483
28263,MJX,9953,Fords1988@armyspy.com,427320
15017,MJX,25545,Wharroposs@einrot.com,408065
