payment_method_name,bank
cash,
credit card,JPMorgan Chase
credit card,Bank of America
credit card,Wells Fargo
credit card,Citigroup
credit card,Goldman Sachs
credit card,Morgan Stanley
credit card,U.S. Bancorp
credit card,PNC Financial Services
credit card,The Bank of New York Mellon
credit card,Capital One
credit card,"TD Bank, N.A."
credit card,HSBC Bank USA
credit card,State Street Corporation
credit card,BB&T
credit card,Charles Schwab Corporation
credit card,Credit Suisse
credit card,SunTrust Banks
credit card,Deutsche Bank
credit card,Barclays
credit card,American Express
credit card,Ally Financial
credit card,USAA
credit card,Citizens Financial Group
credit card,MUFG Union Bank
credit card,Royal Bank of Canada
credit card,UBS
credit card,Fifth Third Bank
credit card,BNP Paribas
credit card,KeyCorp
credit card,Santander Bank
credit card,BMO Harris Bank
credit card,Northern Trust
credit card,Regions Financial Corporation
credit card,M&T Bank
credit card,Huntington Bancshares
credit card,Discover Financial
credit card,Synchrony Financial
credit card,BBVA Compass
credit card,First Republic Bank
credit card,Comerica
credit card,Zions Bancorporation
credit card,E-Trade
credit card,CIT Group
credit card,Silicon Valley Bank
credit card,New York Community Bank
credit card,People's United Financial
credit card,Mizuho Financial Group
credit card,Signature Bank
credit card,"Popular, Inc."
credit card,East West Bank
